trail,city
 Zugspitze via Höllental,"Grainau, Bavaria, Germany"
 Herzogstand and Heimgarten,"Kochel , Bavaria, Germany"
 Zugspitze from Garmisch-Partenkirchen Via Ferrata,Naturschutzgebiet Schachen and Reintal
 Höllentalanger Hut via Höllental,"Grainau, Bavaria, Germany"
 Breitenstein via Kesselalm and Bucheralm,"Miesbach, Bavaria, Germany"
 Rubihorn and Lower Gaisalpsee Loop,Naturschutzgebiet Allgäuer Hochalpen
 Tegelberg nach Hohenschwangau,"Schwangau, Bavaria, Germany"
 Schöttelkarspitze Loop,"Krün, Bavaria, Germany"
 Jochbergweg,"Urfeld, Bavaria, Germany"
 Wimbachklamm,Berchtesgaden National Park
 Lusen Rundweg,Bavarian Forest National Park
 Von Tegernsee zum Berggasthof Neureuth über Bayernweg,"Tegernsee, Bavaria, Germany"
 Kampenwand und Sulten ab Aigen,Gebirgskette Chiemgauer Alpen
 Schleierfälle Loop,"Wildsteig, Bavaria, Germany"
 Püttlach,Franconian Switzerland-Franconian Jura Nature Park
 Höllbachgspreng-Falkenstein-Runde,Bavarian Forest National Park
 Brünnstein from Rosengasse,"Oberaudorf, Bavaria, Germany"
 To the Kneifelspitze from Maria Gern,"Berchtesgaden, Bavaria, Germany"
 Rund um den Brombachsee,"Pfofeld, Bavaria, Germany"
 Von Kehlheim durch die Weltenburger Enge zum Tatzelwurm,Naturschutzgebiet Weltenburger Enge/ Donaudurchbruch
s,"Hirschau, Bavaria, Germany"
 Von Tegernsee auf die Kreuzbergalm,"Tegernsee, Bavaria, Germany"
 Altmühltal-Panoramaweg Etappe : Riedenburg nach Kelheim,Naturpark Altmühltal
 Ramsauer Malerweg to Hintersee,"Ramsau b. Berchtesgaden, Bavaria, Germany"
 Die Watzmanntour: Vom Königssee zum Watzmannhaus,Berchtesgaden National Park
 Tegelberg (Abstieg zur Talstation),"Schwangau, Bavaria, Germany"
 Vom Tatzelwurm zum Brünnsteingipfel ,"Oberaudorf, Bavaria, Germany"
 Branderschrofen Via Ferrata,Naturschutzgebiet Ammergebirge
 Wanderung durch die Wimbachklamm,"Ramsau bei Berchtesgaden, Bavaria, Germany"
 Teufelstättkopf and Pürschling,Naturpark Ammergauer Alpen
 Ettaler Mandl circular route from Oberammergau,"Oberammergau, Bavaria, Germany"
 To the Hochgern summit via Roßkopf,"Marquartstein, Bavaria, Germany"
 Grenzwanderung am Fellhorngrat,"Oberstdorf, Bavaria, Germany"
 Magic Forest Educational Trail,"Ramsau bei Berchtesgaden, Bavaria, Germany"
 Rubihorn Klettersteig,"Oberstdorf, Bavaria, Germany"
 Lusen Rundweg ab Waldhäuser,Bavarian Forest National Park
 Wankbahn Talstation zur Wankbahn Mittelstation,"Garmisch-Partenkirchen, Bavaria, Germany"
 Breitenstein und Bockstein über Bucheralm,"Fischbachau, Bavaria, Germany"
 Garmisch-Partenkirchen and Gschwandtner Bauer Pfeifferalm Loop,"Garmisch-Partenkirchen, Bavaria, Germany"
 Rund um den Hintersee,"Ramsau bei Berchtesgaden, Bavaria, Germany"
 Wertach Rundweg,"Bobingen, Bavaria, Germany"
 Bamberg and Altenburg,"Bamberg, Bavaria, Germany"
 Von der Laber-Bergbahn nach Oberammergau,"Oberammergau, Bavaria, Germany"
 Rund um die Herreninsel über Otto's und Paul's Ruh' ,Herrenchiemsee
 Eckbauer Partnachklamm ab Talstation Eckbauerbahn,"Garmisch-Partenkirchen, Bavaria, Germany"
 Ulm Blautopf,"Neu-Ulm, Bavaria, Germany"
 Püttlachtal Himmelsleiter,Naturpark Fränkische Schweiz Veldensteiner Forst
 Von Weiler zum Naturschutzgebiet Trogener Moore,"Weiler-Simmerberg, Bavaria, Germany"
 Skulpturenweg Maierhofen,"Maierhöfen, Bavaria, Germany"
 Maisinger See,"Feldafing, Bavaria, Germany"
 Ehrenbachtalweg,Naturpark Fränkische Schweiz Veldensteiner Forst
 Tegernsee Hut and Röhrlmoos Alm,"Kreuth, Bavaria, Germany"
 Durch das Oytal,Naturschutzgebiet Allgäuer Hochalpen
 Altmühltal Rundweg Nr.  ,Naturpark Altmühltal
 On the Isar from Landshut to Ellermühle,"Landshut, Bavaria, Germany"
 Von Immenstadt nach Bolgenach,Naturpark Nagelfluhkette 
 Rundwanderweg Kleiner Arbersee,Naturpark Oberer Bayerischer Wald
 Premiumwanderweg: Alpenfreiheit,"Oberstaufen, Bavaria, Germany"
 Von Lindenhof zum Mühlnickelweiher durch das NSG Waldnaabtal,Naturschutzgebiet Waldnaabtal
 Spitzingsee and Valeppalmen Loop,"Schliersee, Bavaria, Germany"
 Wiesen-Panorama-Weg,"Nordhalben, Bavaria, Germany"
 Nebelhorn via Oytal,Naturschutzgebiet Allgäuer Hochalpen
 Eistobel,"Grünenbach, Bavaria, Germany"
 Riedholzer Kugel,"Grünenbach, Bavaria, Germany"
 Scheidegg zum Pfänder,"Scheidegg, Bavaria, Germany"
 Zum Brünnstein ab Kreit,"Kiefersfelden, Bavaria, Germany"
 Rundwanderweg Spalt Hofstetten,"Spalt, Bavaria, Germany"
 Kammwanderung Schellschlicht,Naturschutzgebiet Ammergebirge
 Grüntenwanderung,"Rettenberg, Bavaria, Germany"
 Eistobel: Oberer Wasserfall am Eissteg,"Grünenbach, Bavaria, Germany"
 Benediktusweg Berching,"Berching, Bavaria, Germany"
 Grünstein Via Ferrata from Konigssee,"Schönau a. Königssee, Bavaria, Germany"
 Aueralm and Zwergelberg,"Bad Wiessee, Bavaria, Germany"
 Tegernseer Höhenweg over the Neureuther summit from St. Quirin,"Gmund am Tegernsee, Bavaria, Germany"
 Unfindener Waldrunde über Königsberg in Bayern,Haßberge Nature Park
 Notkarspitz über Gießenbach,Naturschutzgebiet Ammergebirge
 Small Johannisberg round,"Freudenberg, Bavaria, Germany"
 Grosser Traithen,"Oberaudorf, Bavaria, Germany"
 Schnippenkopf,"Oberstdorf, Bavaria, Germany"
 Brandorfer Forest Loop,Haßberge Nature Park
 Schärtenspitze Via Ferrata,Berchtesgaden National Park
 Zugspitze Gipfeltour,"Garmisch-Partenkirchen, Bavaria, Germany"
 Hörnle Loop,Naturpark Ammergauer Alpen
 Schildenstein Rundweg,"Kreuth, Bavaria, Germany"
 Helmer Hütte to Herzogstand Mountain Guest House,"Kochel , Bavaria, Germany"
 Weltenburger Wanderwege: I Donauroute,Naturpark Altmühltal
 Vom Pflegersee zum Feldernkopf über die Enningalm,Naturschutzgebiet Ammergebirge
 Brecherspitz,"Schliersee, Bavaria, Germany"
 Illschwang zum Osterloch,"Illschwang, Bavaria, Germany"
 Nussdorf auf den Heuberg,"Nußdorf am Inn, Bavaria, Germany"
 Hintersee-Zauberwald-Ramsau,Berchtesgaden National Park
" Ohlstadt zur Veste Schaumburg, dem Großen Illing und zur Kaseralm","Ohlstadt, Bavaria, Germany"
 Goldsteig Stage : Marktredwitz to Friedenfels,Naturpark Steinwald
 Marathon Füssen,"Füssen, Bavaria, Germany"
 Goldsteig Northern Route Stage : Eck to Großer Arber,Bavarian Forest Nature Park
 Hörndlwand Old Schmidkunzweg,Naturschutzgebiet Östliche Chiemgauer Alpen
 Weissbach Gorge,"Schneizlreuth, Bavaria, Germany"
 Via Alpina Purple Trail A : Tutzinger Hütte Herzogstand,"Benediktbeuern, Bavaria, Germany"
" Würzburg, Marienberg, and Steinbachtal","Würzburg, Bavaria, Germany"
 Von Rottach auf den Falkenstein,"Rettenberg, Bavaria, Germany"
 Karwendel to Mittenwald,"Mittenwald, Bavaria, Germany"
 Riedenburg loop ,Naturpark Altmühltal
 Frankenweg von Heiligenstadt nach Behringersmühle über dem Streitberg,Naturpark Fränkische Schweiz Veldensteiner Forst
 Kloster Andechs Runde,"Andechs, Bavaria, Germany"
 Premiumwanderweg: Klausenbachklamm,"Reit im Winkl, Bavaria, Germany"
" Hundham, Sternplatte und Schwarzenberg Rundweg","Fischbachau, Bavaria, Germany"
 Rappenseekopf über Rappenseehütte und schwarze Hütte,Naturschutzgebiet Allgäuer Hochalpen
 Auf den Frieder,"Garmisch-Partenkirchen, Bavaria, Germany"
 Gipfelwanderung zum Seekarkreuz,"Lenggries, Bavaria, Germany"
 Notkarspitze über Ochsensitz und Ziegelspitz,Naturschutzgebiet Ammergebirge
 Frankenweg von Schesslitz nach Heiligenstadt via Glechburg,"Scheßlitz, Bavaria, Germany"
 Lohberghütte zum Schwarzeck,"Lohberg, Bavaria, Germany"
 Große Riffelwandspitze (Abstieg),"Grainau, Bavaria, Germany"
 Große Dillbergrunde,"Postbauer-Heng, Bavaria, Germany"
 Imberg Hochwies Alpe Glutschwanden,Naturpark Nagelfluhkette 
 Von Bad Brückenau auf den Dreistelz,Naturpark Bayerische Rhön 
 Maria im Weingarten and Kammerberg Loop,"Volkach, Bavaria, Germany"
 From Garmisch-Partenkirchen to the Kreuzeckhaus,"Garmisch-Partenkirchen, Bavaria, Germany"
 Großer Ostersee-Rundweg,"Iffeldorf, Bavaria, Germany"
 Zum Osser über den Grenzpfad,Naturpark Oberer Bayerischer Wald
 Hochgrat-Runde,"Oberstaufen, Bavaria, Germany"
 Frankenweg von Behringersmühle nach Egloffstein über Kirchenbirkig,Naturpark Fränkische Schweiz Veldensteiner Forst
 Jenner Schönau am Königssee,"Schönau am Königsee, Bavaria, Germany"
 Zur Hochries,"Samerberg, Bavaria, Germany"
 Kindinger Burgenweg,Naturpark Altmühltal
 Hiking in the ZugspitzLand Grainau Zum Eibsee,"Grainau, Bavaria, Germany"
 -Meter-Höhenweg in der Hersbrucker Schweiz,"Pommelsbrunn, Bavaria, Germany"
 Westallgäuer Wasserwege,"Weiler-Simmerberg, Bavaria, Germany"
 Through theMärchenwald to Butzn Wirt,"Ruhpolding, Bavaria, Germany"
 Hechtsee Thiersee Gießenbachklamm,"Kiefersfelden, Bavaria, Germany"
 Kampenwand via ferrata,Gebirgskette Chiemgauer Alpen
 Goldsteig Northern Route Stage : Herzogau to Furth im Wald,Naturpark Oberer Bayerischer Wald
 Perlacher Forst bei Taufkirchen,"Taufkirchen, Bavaria, Germany"
 Königsbachalm über die Wasserfallalm,Berchtesgaden National Park
 Goldsteig Zuweg Nr. : Bodenmais-Kleiner Arber,Bavarian Forest Nature Park
 Altmühltal-Panoramaweg Etappe : Beilngries nach Dietfurt,Naturpark Altmühltal
" Wasserspitz, Rinnenspitz, und Bodenschneid","Schliersee, Bavaria, Germany"
 Hochgrat Panoramarunde,"Oberstaufen, Bavaria, Germany"
 Hochplatte Rundweg,"Marquartstein, Bavaria, Germany"
 Sonntagshorn and Kraxenbach Valley,Naturschutzgebiet Östliche Chiemgauer Alpen
 Paradiestal,"Stadelhofen, Bavaria, Germany"
 -Seen-Rundwanderung bei Stephanskirchen,Naturschutzgebiet Eggstätt-Hemhofer Seenplatte
 Altmühltal-Panoramaweg Etappe : Dietfurt nach Riedenburg,Naturpark Altmühltal
 On the Danube in Lauingen,"Lauingen, Bavaria, Germany"
 To the Hainburg,Naturpark Fränkische Schweiz Veldensteiner Forst
 From Unterau to Königssee,"Berchtesgaden, Bavaria, Germany"
 Unterbrunn ins Würmtal und Königswieser Forst,"Gauting, Bavaria, Germany"
 Premiumwanderweg: Kuppenweg,UNESCO-Biosphärenreservat Rhön
 Spitzing Lake to the Rotwand Hut,Landschaftsschutzgebiet Rotwand
 -Meter-Höhenweg Pommelsbrunn,Naturpark Fränkische Schweiz Veldensteiner Forst
 Neuhausen-Nymphenburg,Schlosspark Nymphenburg
 Stiealm ab Untermberg,"Wackersberg, Bavaria, Germany"
 Schinder,"Rottach-Egern, Bavaria, Germany"
 Obermaiselstein Grasgeheren,"Obermaiselstein, Bavaria, Germany"
 Auf den Richtstrichkopf,"Ruhpolding, Bavaria, Germany"
 Johannesberg Hahnenkamm,Spessart Nature Park
 Naturpfad Ahornreitweg,"Schwangau, Bavaria, Germany"
 Schwarzenberg Loop,"Oberaudorf, Bavaria, Germany"
 Vom Achenpass auf die Hochalm,"Lenggries, Bavaria, Germany"
 Fichtelsee Seehaus,"Fichtelberg, Bavaria, Germany"
 Mangfalltal und Valley Klosterstüberl Wanderung,"Valley, Bavaria, Germany"
 Christertshofen Rennertshofen (Kreis Neu-Ulm Tour Nr. ),"Buch, Bavaria, Germany"
 Vom Mittag ins Steigbachtal über Steineberg,Naturpark Nagelfluhkette 
 Goldsteig Northern Route Stage : Furth im Wald to Schönbuchen,Naturpark Oberer Bayerischer Wald
 Premiumwanderweg: Basaltweg,Naturpark Bayerische Rhön 
 Rund um Leutenbach,Ehrenbürg (Walberla)
 Frankenweg  von Wallenfels nach Kronach via Radspitze,Naturpark Frankenwald
 Kötztinger Hütte,"Arrach, Bavaria, Germany"
 Goldsteig Northern Route Stage : Lusen to Mauth,Bavarian Forest National Park
 Kleiner Osser and Grosser Osser,Naturpark Oberer Bayerischer Wald
 Frankenweg von Kulmbach nach Oberlangheim via Isling,"Kulmbach, Bavaria, Germany"
 Oberau zu Krottenkopfhütte und Abstieg über Esterbergalm und Farchant,"Farchant, Bavaria, Germany"
 Wanderung zur Krokusblüte am Hündle,Naturpark Nagelfluhkette 
 Goldsteig Northern Route Stage : Großer Arber to Bayerisch Eisenstein,Bavarian Forest Nature Park
 Houbirg,"Pommelsbrunn, Bavaria, Germany"
 Frankenweg von Kronach nach Kulmbach,Naturpark Frankenwald
 Frankenweg von Naila nach Wallenfels über den Döbraberg,Naturpark Frankenwald
 Natural Spectacle Kreuth The Water Adventure Trail along the Weißach,"Kreuth, Bavaria, Germany"
 Rund ums Walberla,"Wiesenthau, Bavaria, Germany"
 Gipfelwanderung Hoher Göll ab Ofnerboden,Berchtesgaden National Park
 Reisberg ab Leutenbach,"Leutenbach, Bavaria, Germany"
 Walchensee Gorge,"Kochel , Bavaria, Germany"
 Naturkundlicher Rundwanderweg Plech,"Plech, Bavaria, Germany"
 Premiumwanderweg: Hüttentour,Naturpark Bayerische Rhön 
 Unteremmendorf durch den Wald,"Kinding, Bavaria, Germany"
 Goldsteig Stage : Tännesberg to Oberviechtach,Naturpark Oberpfälzer Wald
 Oberer Horizontalsteig zwischen Lusen und Rachel,Bavarian Forest National Park
" Luisenburg, Haberstein, Felsenlabyrinth",Naturpark Fichtelgebirge
 Brünstelkopf trail,Naturschutzgebiet Ammergebirge
 From Weitsee to Stuhlkopf via Gräbenalm,Naturschutzgebiet Östliche Chiemgauer Alpen
 Entlang der Donau in NSG Weltenburger Enge,Naturschutzgebiet Weltenburger Enge/ Donaudurchbruch
 Fischhaus Saldenburg Obere Ilz,"Ruderting, Bavaria, Germany"
" Burgruine Neideck, Brunhildenstein und Trainmeuseler Brunnen","Wiesenttal, Bavaria, Germany"
 Goldsteig: From Grandsberg to Hirschenstein,Bavarian Forest Nature Park
 Rund um den Hollenberg,"Pottenstein, Bavaria, Germany"
 Friesenhausen Schwedenschanze,Haßberge Nature Park
 Wendelstein Expeditions Geology Loop,"Bayrischzell, Bavaria, Germany"
 Bahntrassenradweg Amberg-Schmidmühlen,Naturpark Hirschwald
 Rabenberg with Observation Tower,Naturpark Nördlicher Oberpfälzer Wald
 Achenkirch-Wildbad Kreuth,"Kreuth, Bavaria, Germany"
 Von der Burg Hohenberg zur Eger,Naturpark Fichtelgebirge
 Pottenstein () bis Teufelshöhle,"Pottenstein, Bavaria, Germany"
" Steinkartrundweg: Wanderweg , A","Bad Griesbach, Bavaria, Germany"
 Around the Ainringer Moor,"Ainring, Bavaria, Germany"
 Höhenglücksteig (Teil ),"Pommelsbrunn, Bavaria, Germany"
 Schermshöhe Eibgrat Reuthof,Naturpark Fränkische Schweiz Veldensteiner Forst
 Landsberg Wanderung,"Landsberg am Lech, Bavaria, Germany"
 From Wildflecken to the Feuerberg,Naturpark Bayerische Rhön 
" Lerchenauer See, Füsselgraben und Allacher Forst","Munich, Bavaria, Germany"
 Durch das Bäderland (Etappe ): Oberbach Bad Brückenau,Naturpark Bayerische Rhön 
 Jubilaumsgrat and Sudweststeig,Naturschutzgebiet Schachen and Reintal
 Jenner Mountain Station to Hohes Brett,Berchtesgaden National Park
 Goldsteig Northern Route Stage : Philippsreut to Haidmühle,Bavarian Forest Nature Park
 Unterjoch Zinken Sorgschrofen,"Bad Hindelang, Bavaria, Germany"
 Wanderweg Nr.  Eußenheim Gesamtweg als Rundweg,"Eußenheim, Bavaria, Germany"
 Königstalalm Loop,Berchtesgaden National Park
 Bad Berneck Thiesenring Loop,Naturpark Fichtelgebirge
 To Obere Firstalm around the Spitzingsee,"Schliersee, Bavaria, Germany"
 Oberberg Soinsee Rotwand,Landschaftsschutzgebiet Rotwand
 Niedersonthofener Seerundweg,"Waltenhofen, Bavaria, Germany"
 Korches Trail: Weismain and the Kordigast,Naturpark Fränkische Schweiz Veldensteiner Forst
 Oytal von Oberstdorf,"Oberstdorf, Bavaria, Germany"
 From Bernau to the Seiser Alm,"Bernau a. Chiemsee, Bavaria, Germany"
 S Schlüsselfeld,Steigerwald Nature Park
 Buchrain ab Ohlstadt,"Ohlstadt, Bavaria, Germany"
 FrankenwaldSteigla Muschelkalkweg,"Marktrodach, Bavaria, Germany"
 Rund um Sagwasser-Tummelplatz-Allmeyerschloß-Marienburg,"Schönbrunner Wald, Bavaria, Germany"
 Drei-Seen-Land Rund um den Mitterund Lodensee,Naturschutzgebiet Östliche Chiemgauer Alpen
 Nemmersdorf St.Jobst-Weg,"Goldkronach, Bavaria, Germany"
 Rund um die Wildbarrenhöhle,"Oberaudorf, Bavaria, Germany"
 Goldsteig Northern Route Stage : Bayerisch Eisenstein to Großer Falkenstein,Bavarian Forest National Park
" Wallenfels, Geuser, Zeyern Loop",Naturpark Frankenwald
 Von den Weinreben zur Würzburg und durch die Altstadt,"Würzburg, Bavaria, Germany"
 Goldsteig Southern Route Stage : Schrottenbaummühle to Fischhaus,Bavarian Forest Nature Park
 Wanderung von Unterschleißheim zum Garchinger See,"Unterschleißheim, Bavaria, Germany"
 Partnachklamm and Partnachalm,"Garmisch-Partenkirchen, Bavaria, Germany"
 Hohenburg-Schmidmühlen,"Hohenburg, Bavaria, Germany"
 Trettstein Wasserfall,"Gräfendorf, Bavaria, Germany"
 Schlechtenbergalm and Gorialm,Gebirgskette Chiemgauer Alpen
 Hohenaschau Hochries,"Aschau im Chiemgau, Bavaria, Germany"
 Ziegenweg,"Hirschbach, Bavaria, Germany"
 Von Aschau über Gorialm zur Kampenwand,"Aschau im Chiemgau, Bavaria, Germany"
 Hoher Brunnen,"Berching, Bavaria, Germany"
 Auf den Stoffelberg über Niedersonthofener Wasserfall,"Waltenhofen, Bavaria, Germany"
 Premiumwanderweg: Luftiger Grad,Naturpark Nagelfluhkette 
 W  valley path: Eichhofen Laaber,"Nittendorf, Bavaria, Germany"
 Dörnbachshöhe und das Waldbachtal um Watterbach,Naturpark Bayerischer Odenwald
 To the Kehlstein,"Eck, Bavaria, Germany"
 Goldsteig Stage : Rötz to Herzogau,Naturpark Oberer Bayerischer Wald
 WaldErlebnispfad Fuchsmühl,"Fuchsmühl, Bavaria, Germany"
 Marquartstein Hochgern Roßkopf,"Marquartstein, Bavaria, Germany"
 Loop at Penzberg,"Penzberg, Bavaria, Germany"
 Around the Rannasee,"Wegscheid, Bavaria, Germany"
 Jurasteig: König-Otto-Schlaufe,"Velburg, Bavaria, Germany"
 Feichteckalm Runde,"Samerberg, Bavaria, Germany"
 Eistobel,"Grünenbach, Bavaria, Germany"
 Unterschleißheim nach Markt Indersdorf,"Unterschleißheim, Bavaria, Germany"
 Altmühl Panoramaweg Schlaufe  Dollnstein Wellheim,"Dollnstein, Bavaria, Germany"
 Zum Arnsberg und Kreuzberg,"Wildflecken, Bavaria, Germany"
 Rund um den Silbersee TB,"Treffelstein, Bavaria, Germany"
 Around the Klostersee,Naturschutzgebiet Seeoner Seen
 Riederstein Loop,"Tegernsee, Bavaria, Germany"
 Franz-Josefs Neideck-Westrunde,"Wiesenttal, Bavaria, Germany"
 Hiltpoltstein Through the cherry orchards,Naturpark Fränkische Schweiz Veldensteiner Forst
 Spalt zum Schnittlinger Loch,"Spalt, Bavaria, Germany"
 Rothenburger W Gebsattel,"Rothenburg ob der Tauber, Bavaria, Germany"
" Ähndl (Ramsach Kirche), Murnauer Moos, Staffelsee, und Uffing","Murnau am Staffelsee, Bavaria, Germany"
 Loop near Michelbach,"Alzenau, Bavaria, Germany"
 Schwarzhölzl Rundweg ab Oberschleißheim ,"Oberschleißheim, Bavaria, Germany"
 Von Aschau zur Gorialm,"Aschau im Chiemgau, Bavaria, Germany"
 Hirschauer Turmweg,"Hirschau, Bavaria, Germany"
 Über die Felder ab Kucha,"Offenhausen, Bavaria, Germany"
 Schweinbach Weihbüchl Oberschönbach,"Landshut, Bavaria, Germany"
 Jubiläumsweg,Naturschutzgebiet Allgäuer Hochalpen
 Thumsee Loop,Gebirgskette Chiemgauer Alpen
 Wartenberg östlicher Wanderung,"Wartenberg, Bavaria, Germany"
 Unterschleißheim bis Dachau,"Unterschleißheim, Bavaria, Germany"
 Im Ferdinandsthal ,Bavarian Forest National Park
 Grafenwöhr Trag Bärnwinkel,"Grafenwöhr, Bavaria, Germany"
 Vom Giebelhaus zum Engeratsgundsee,Naturschutzgebiet Allgäuer Hochalpen
 Keltenweg E,"Ebensfeld, Bavaria, Germany"
 Wüstenstein Draisendorf Loop,Naturpark Fränkische Schweiz Veldensteiner Forst
 Weihmichl Loop,"Weihmichl, Bavaria, Germany"
 Rundwanderung Thanninger Weiher,"Egling, Bavaria, Germany"
 Dürrnbachhörndel,Naturschutzgebiet Östliche Chiemgauer Alpen
 Waischenfeld Rundwanderweg gelber Ring,"Waischenfeld, Bavaria, Germany"
 Water Discovery Tour: Partnach Wetterstein Route,"Garmisch-Partenkirchen, Bavaria, Germany"
 Hiking in the ZugspitzLand Grainau Höhenrainweg,"Grainau, Bavaria, Germany"
 O  (Grünes Dreieck): Unterlichtenwald Altenthann,"Altenthann, Bavaria, Germany"
 Steinbergalm and Bründlingalm,Gebirgskette Chiemgauer Alpen
 Nördlich des Alpsees: Siedelalpe Rundweg,"Immenstadt, Bavaria, Germany"
 Höhenglück und Norissteig,Franconian Switzerland-Franconian Jura Nature Park
 Loop at Burgsinn,Spessart Nature Park
 Bad Grönenbach Herbisried,"Bad Grönenbach, Bavaria, Germany"
 Fürholzen und Massenhausen Wanderung,"Neufahrn bei Freising, Bavaria, Germany"
 Felsengarten Sanspareil,Felsengarten Sanspareil
 Dorfprozelten über Brasselburg und Faulbach,"Dorfprozelten, Bavaria, Germany"
 Von Laufamholz über den Schmausenbuck nach Fischbach,"Nuremberg, Bavaria, Germany"
 To the Frauenstein,"Schwangau, Bavaria, Germany"
 Von Warching entlang der Gailach,"Monheim, Bavaria, Germany"
 To the Wuhrsteinalm on Geigelstein,Naturschutzgebiet Geigelstein 
" Zwischen Oberroth, Sulzemoos und Kreuzholzhausen","Schwabhausen, Bavaria, Germany"
 Kneifelspitze and Marxenhöhe via Maria Gern Church,"Berchtesgaden, Bavaria, Germany"
 Falkenstein Castle Park Loop,Schlosspark Falkenstein
 From Spiegelau to Rachelsee,Bavarian Forest National Park
 Hohenkammer und Petershausen,"Hohenkammer, Bavaria, Germany"
 Von Hammersbach zum Höllental via Jägersteig,"Grainau, Bavaria, Germany"
 Loop at Kastl,Naturpark Hirschwald
 Dötzenkopf Loop,"Bad Reichenhall, Bavaria, Germany"
 Hiking trail : Marquartstein,"Marquartstein, Bavaria, Germany"
 Museumsweg Roth,"Roth, Bavaria, Germany"
 Tann bei St. Wolfgang Wanderung,"Sankt Wolfgang, Bavaria, Germany"
 Wandern durch Großer Filz und Klosterfilz,Bavarian Forest National Park
 Thalkirchdorf,Naturpark Nagelfluhkette 
 Tobelbach Röthenbach,"Röthenbach, Bavaria, Germany"
" -Gipfeltour: Mittag, Bärenköpfle und Steineberg","Blaichach, Bavaria, Germany"
 Johannesberg nach Steinbach über dem Langenberg,"Johannesberg, Bavaria, Germany"
 Rednitztal vineyard,"Roth, Bavaria, Germany"
 Nandlstadt Rundwanderung,"Nandlstadt, Bavaria, Germany"
 Dandlbergalm Loop,"Samerberg, Bavaria, Germany"
 Freibergsee Circular from Oberstdorf via Höllwiesenweg,"Oberstdorf, Bavaria, Germany"
 Wenighösbach Unterafferbach,Spessart Nature Park
 Premium hiking trail: extra tour forest window,Naturpark Bayerische Rhön 
 Zum Steigerwald ab Bamberg,Franconian Switzerland-Franconian Jura Nature Park
 From Altershausen around the Rossberg,Haßberge Nature Park
 Stolzenberg and Rosskopf via Albert-Link-Hütte,"Schliersee, Bavaria, Germany"
 Rabelsdorf Geißstein,Naturpark Haßberge
 Hohenbrunner Rundwanderweg Blau,"Hohenbrunn, Bavaria, Germany"
 Fellhorn ab Seegatterl,"Reit im Winkl, Bavaria, Germany"
 Premiumwanderweg: Panoramaweg,"Reit im Winkl, Bavaria, Germany"
 Kupferberg Runde,Naturpark Steinwald
 Gößweinsteiner Sagenweg,"Gößweinstein, Bavaria, Germany"
 Taubensee zum Rauschberg,"Ruhpolding, Bavaria, Germany"
 Hilpoltstein: educational fish trail,Naturpark Altmühltal
 Tachinger See Nord,"Taching am See, Bavaria, Germany"
 Berchtesgaden Königssee Brandkopf,"Berchtesgaden, Bavaria, Germany"
 Hosler Jugendwanderweg,Steigerwald Nature Park
 Grafing nach Aßling,"Grafing, Bavaria, Germany"
 Trettmanns Platte Köhlerlohe,Naturpark Steinwald
 Über Gibacht Wackelstein Hinterberg,"Regenstauf, Bavaria, Germany"
 Durch das Inntal: Passau Schardenberg,"Passau, Bavaria, Germany"
 Mittenwald Lautersee Barfusspfad,"Mittenwald, Bavaria, Germany"
 Hirschenstein Berglauf: Jugendlauf,Bavarian Forest Nature Park
 Zum Haidberg und Saubühl,"Geschaidt, Bavaria, Germany"
 Goldsteig Stage : Falkenberg to Neuhaus,Naturschutzgebiet Waldnaabtal
 Frankenweg: Hersbruck to Schnaittach,Franconian Switzerland-Franconian Jura Nature Park
 Hillenberg Roth Silbersee,Naturpark Bayerische Rhön 
 On the Isar in Krün,Naturschutzgebiet Karwendel und Karwendelvorgebirge
 Von Hornbach zum Falkenstein,"Rettenberg, Bavaria, Germany"
 To the Wichtelhölen Bad Kissingen,"Bad Kissingen, Bavaria, Germany"
 Baden an den Osterseen,"Iffeldorf, Bavaria, Germany"
 Fernwanderweg Lechweg: Grenze-Lechfall,"Schwangau, Bavaria, Germany"
 Schnappenlahner-Tour zur Staudacher Alm,"Staudach-Egerndach, Bavaria, Germany"
 Almerlebnispfad Ramsau,"Ramsau bei Berchtesgaden, Bavaria, Germany"
 Zum Fuchsberg,"Langenbach, Bavaria, Germany"
 Von Kreuzthal entlang dem Eisenbach zum Schwarzen Grat,"Buchenberg, Bavaria, Germany"
 Prignitz bei Rupprechtsstegen,"Hartenstein, Bavaria, Germany"
 Goldsteig Southern Route Stage : Wiesenfelden to Haunkenzell,Bavarian Forest Nature Park
 Eibsee north bank and RIffelwald,"Grainau, Bavaria, Germany"
 Zum Edelsberg,"Pfronten, Bavaria, Germany"
 Kloster Weltenburg Donaudurchbruch Wurzberg,Naturschutzgebiet Weltenburger Enge/ Donaudurchbruch
 Berglauf zur Kampenwand genial vital Tour ,"Grassau, Bavaria, Germany"
" Große Runde über Entenbühl, Havran und Schellenberg","Flossenbürg, Bavaria, Germany"
 Marktschellenberg to Hallein via Mehlweg,"Marktschellenberg, Bavaria, Germany"
 Hinterwössen Stoibenmöseralm and Taubensee,Gebirgskette Chiemgauer Alpen
 Via Alpina Purple Trail A : Engedey Neue Traunsteiner Hütte,Berchtesgaden National Park
 Rabenstein nach Kirchahorn,"Ahorntal, Bavaria, Germany"
 Marathon in Neuhaus a. d. Pegnitz ,Franconian Switzerland-Franconian Jura Nature Park
 From Berchtesgaden to Königssee,"Berchtesgaden, Bavaria, Germany"
 Pommelsbrunn Loop Lichtenstein Castle,Naturpark Fränkische Schweiz Veldensteiner Forst
 Vom Kreuzberg nach Bad Neustadt an der Saale,Naturpark Bayerische Rhön 
 Eibsee loop and Eibsee trail,"Grainau, Bavaria, Germany"
 Rund um Alfeld,"Alfeld, Bavaria, Germany"
 Vom Söllereck zur Fiderepasshütte über Walser Hammerspitze,"Oberstdorf, Bavaria, Germany"
 Eibachgrund,"Hilpoltstein, Bavaria, Germany"
 Ebensfeld Prächting Altmainsee,Franconian Switzerland-Franconian Jura Nature Park
 Eußenheim zur Dicken Eiche als Rundweg ab Dorfplatz,"Eußenheim, Bavaria, Germany"
 Vogelwiese Simmereinöd Steinbühler Gesenke,Naturpark Oberer Bayerischer Wald
 Loop at Röslau,Naturpark Fichtelgebirge
 Winklmoosalm zum Dürrnbachhorn,"Reit im Winkl, Bavaria, Germany"
 Around the Lichtenberg,Naturpark Bayerische Rhön 
 Neuhaus-Rundwanderweg No.,"Neuhaus an der Pegnitz, Bavaria, Germany"
 Goldsteig Stage : Friedenfels to Falkenberg,Naturpark Steinwald
 Altenstadt Kellmünz (Kreis Neu-Ulm Tour Nr. ),"Altenstadt, Bavaria, Germany"
 Sachrang and Spitzsteinhaus Loop,"Aschau im Chiemgau, Bavaria, Germany"
 At the Seufzigspitze,Spessart Nature Park
 Obere Hausbachklamm Oberreute,"Oberreute, Bavaria, Germany"
 Wanderung von Rdolfshöhe nach Batzhausen,"Parsberg, Bavaria, Germany"
 Neuhaus a. d. Pegnitz nach Königstein,"Königstein, Bavaria, Germany"
 To Jochalm via Kesselbach Falls from Kochelsee south bank,"Kochel , Bavaria, Germany"
 Krüns southwest,"Krün, Bavaria, Germany"
 Kuckuckslauf Königshofen ( km),Spessart Nature Park
 Around the Happurger See,"Happurg, Bavaria, Germany"
 Seinskopf Feldernkopf Soiernspitze,Naturschutzgebiet Karwendel und Karwendelvorgebirge
" Obertrubach ""green leaf""",Naturpark Fränkische Schweiz Veldensteiner Forst
 Almbachklamm and salt mine from Berchtesgaden,"Berchtesgaden, Bavaria, Germany"
 Obertsdorf Walrafweg Berggasthof Gaisalpe,"Oberstdorf, Bavaria, Germany"
 Zum Kemptener Naturfreundehaus ab Blaichach,Naturpark Nagelfluhkette 
 Weißbach to the Reiteralm,Naturschutzgebiet Östliche Chiemgauer Alpen
 Paul-Pfinzing-Trail,Naturpark Fränkische Schweiz Veldensteiner Forst
 Archäologie-Tour Wertachtal,"Pforzen, Bavaria, Germany"
 Icking Irschenhausen,"Icking, Bavaria, Germany"
 Wanderung auf den Grünstein,"Schönau am Königsee, Bavaria, Germany"
 Hohenstadt Rundweg : Eichhörnchen-Markierung,"Pommelsbrunn, Bavaria, Germany"
 Zum Allgäuer Alpen Schrecksee ab Auele,"Bad Hindelang, Bavaria, Germany"
 Rund um Burghaig,"Kulmbach, Bavaria, Germany"
 Rundwanderweg Monheim ,"Kaisheim, Bavaria, Germany"
 Therapeutic hiking trail,Naturpark Fränkische Schweiz Veldensteiner Forst
 Schnaittach Glatzenstein Loop,Naturpark Fränkische Schweiz Veldensteiner Forst
 Gangolfsberg und Thüringer Hütte,Naturschutzgebiet Gangolfsberg
 Eckbauer Hintergraseck Vordergraseck Partnachklamm,"Garmisch-Partenkirchen, Bavaria, Germany"
 Zur Wolfskapelle über Böbrach,"Böbrach, Bavaria, Germany"
 Alfeld – Claramühle,"Alfeld, Bavaria, Germany"
 Hammermühle-Liba-Hohenberg,"Hohenberg an der Eger, Bavaria, Germany"
 Isar Loop near Krün,Naturschutzgebiet Karwendel und Karwendelvorgebirge
 Markgräflicher Klosterweg ab Bayreuth,"Bayreuth, Bavaria, Germany"
 Pleinfeld ,"Pleinfeld, Bavaria, Germany"
 Rundwanderweg Kipfenberg ,"Walting, Bavaria, Germany"
 Goldsteig Alternative Nr.: Ruselabsatz-Schaufling-Datting,Bavarian Forest Nature Park
 To the Kneifelspitze from Hintergern,"Maria Gern, Bavaria, Germany"
 Panoramaweg Höhenrainweg ab Eibsee,"Grainau, Bavaria, Germany"
 Von Mariaort über Etterzhausen,"Pettendorf, Bavaria, Germany"
 Von Schnaitsee zum Weitsee und Berger See,"Schnaitsee, Bavaria, Germany"
 Heilige Länder Tour ,Haßberge Nature Park
 City triangle circular route ,"Burglengenfeld, Bavaria, Germany"
 Schönau am Königssee nach St. Bartolomä,Berchtesgaden National Park
 Spitzingscheibe,"Bayrischzell, Bavaria, Germany"
 Circular hiking trail no.: All around Breitenbrunn,Naturpark Altmühltal
  Kellertour: Greuth Weppersdorf Willersdorf Stibarlimbach,"Höchstadt an der Aisch, Bavaria, Germany"
 Panoramasteig Patersdorf: Wanderweg ,Bavarian Forest Nature Park
 Tegernseer Bräustüberl from Rottach-Egern,"Rottach-Egern, Bavaria, Germany"
 Hupprechts-Wachters Alpe,"Waltenhofen, Bavaria, Germany"
 Rund um die Talsperre Frauenau,Bavarian Forest National Park
 Dachau nach Oberbachern Rundwanderung,"Dachau, Bavaria, Germany"
 Wolfsteinweg Höhenberg nach Schafhof,"Neumarkt in der Oberpfalz, Bavaria, Germany"
 Rund um Stangenroth und Steinberg,Naturpark Bayerische Rhön 
 Langenleiten Kissinger Hut,Naturpark Bayerische Rhön 
 Reichertshausen Hohenkammer Rundweg,"Reichertshausen, Bavaria, Germany"
 Steinach an der Saale Rundweg,Naturpark Bayerische Rhön 
 Von Naila durchs Höllental,Naturpark Frankenwald
 Kaitersberg Panoramaweg,Naturpark Oberer Bayerischer Wald
 Riffelriss and Hochthörlehütte from Eibsee,"Grainau, Bavaria, Germany"
 Oberasbacher Rundweg (Nr. ),"Oberasbach, Bavaria, Germany"
 Vom Kloster Banz zum Main,"Bad Staffelstein, Bavaria, Germany"
 Solar Patersholz Eibach,"Hilpoltstein, Bavaria, Germany"
 Weilbach Loop : Gotthardsbergweg,Naturpark Bayerischer Odenwald
 Geoweg Urdonautal,"Wellheim, Bavaria, Germany"
 Von Labersricht nach Ottosau,"Neumarkt in der Oberpfalz, Bavaria, Germany"
" Unterschleißheim, Berglwald und Schlosspark Oberschleißheim","Unterschleißheim, Bavaria, Germany"
 Hiking in the ZugspitzLand Farchant Waldsaumweg,"Farchant, Bavaria, Germany"
 From Stephanskirchen around the Hartsee,Naturschutzgebiet Eggstätt-Hemhofer Seenplatte
 Rund um Regelsbach,"Rohr, Bavaria, Germany"
 Von Meilenhofen dem Haunsbach entlang,"Mainburg, Bavaria, Germany"
 Abenberg Nr. ,"Georgensgmünd, Bavaria, Germany"
 Recreation area Obere Wagensass ,"Sulzbach-Rosenberg, Bavaria, Germany"
 Schloss Hirschling Wichtelfels Stockenfels Binkenhof,Naturwaldreservar Teufelsgsperr
 Rothsee nach Eckersmühlen,"Hilpoltstein, Bavaria, Germany"
 Hiking in the ZugspitzLand Röhrlebach Ursprünge Farchant,"Oberau, Bavaria, Germany"
 Goldsteig Alternative Nr.: Thurmansbang-Saldenburg,Bavarian Forest Nature Park
 Baldenschwanger Panoramarunde,Naturpark Nagelfluhkette 
 Hintersee zum Kammerlinghorn,Berchtesgaden National Park
 Hündle-Erlebniswanderweg,Naturpark Nagelfluhkette 
 Arnsberg Böhming Gungolding,Naturpark Altmühltal
 Gothendorf Biederbach,"Arberg, Bavaria, Germany"
 Von Tiefenbach entlang dem Breitach,"Oberstdorf, Bavaria, Germany"
 Zur Hochplatte  ab Oberau,"Schleching, Bavaria, Germany"
 Hochrhöner Stage : Stralsbach Oberweißbrunn,Naturpark Bayerische Rhön 
 Wildensteiner Steig,"Dietfurt an der Altmühl, Bavaria, Germany"
 Loop  Igelsbachsee,"Spalt, Bavaria, Germany"
 Rundwanderweg Pflaumheim : Wartturm-Weg,"Großostheim, Bavaria, Germany"
 Around Hallenknopf and Mandelberg,Spessart Nature Park
 Kastler castle tour,Naturpark Steinwald
 Absberg ,"Absberg, Bavaria, Germany"
 Jubilee Trail Gundelsheim,"Gundelsheim, Bavaria, Germany"
 WEZ Schernfeld Rundweg,Naturschutzgebiet Vogelinsel im Altmühlsee
 To the Staffelberg,Naturpark Fränkische Schweiz Veldensteiner Forst
 Von Seebruck nach Chieming,"Seeon-Seebruck, Bavaria, Germany"
 Almbachklamm über Maria Gern ab Berchtesgaden,"Berchtesgaden, Bavaria, Germany"
 Marienthal nach Hirschling,"Nittenau, Bavaria, Germany"
 Wagenthalhütte ab Grenzhammer,Naturpark Fichtelgebirge
 Auf den Jenner über die Wasserfallalm,Berchtesgaden National Park
 Über Eulenberg und Ramspau,"Regenstauf, Bavaria, Germany"
 Aus Baunach um Zentberg und Semberg,Naturpark Haßberge
 Rundwanderweg Klingenberg : Fuchs,"Klingenberg am Main, Bavaria, Germany"
 SalzAlpenWeg: Traunstein-Zwing,"Inzell, Bavaria, Germany"
 Konnersreuth ,Naturpark Fichtelgebirge
 Weichweg Pommersfelden,"Pommersfelden, Bavaria, Germany"
 Ochsenkopfweg,"Bischofsgrün, Bavaria, Germany"
 Schützensteig on Kleiner Jenner,Berchtesgaden National Park
 Brannenburg Kiesgruben,"Brannenburg, Bavaria, Germany"
 Röthenbach Richtung Waldfriedhof,"Altdorf bei Nürnberg, Bavaria, Germany"
 Wanderung zur Kammerlingalm,Berchtesgaden National Park
 Königstein Fichtenhof Loop,Naturpark Fränkische Schweiz Veldensteiner Forst
 Raiten: Buchberg Rundweg,"Unterwössen, Bavaria, Germany"
 Reichertshausen Paunzhausen,"Reichertshausen, Bavaria, Germany"
 Druidenrunde von Muggendorf zum Druidenhain und Frauenstein,"Wiesenttal, Bavaria, Germany"
 Albsteig Etappe : Mönchsdeggingen Bopfingen,"Mönchsdeggingen, Bavaria, Germany"
 Column IVV : Wernfels Castle,"Spalt, Bavaria, Germany"
 Großheubach Die Pforte zum Himmel,Naturpark Bayerischer Odenwald
 Beekeeping circuit no. ,"Feuchter Forst, Bavaria, Germany"
 Eckhartsreuth Untermainsbach Jugenberg,Naturpark Oberer Bayerischer Wald
 Von Hirschbichl nach Lohfeyer,"Ramsau bei Berchtesgaden, Bavaria, Germany"
 Über die Ellegg Höhe zum Horn Oy-Mittelberg,"Oy-Mittelberg, Bavaria, Germany"
 Rotwand Überschreitung,Landschaftsschutzgebiet Rotwand
 Ammergauer -Gipfel-Tour,"Ettaler Forst, Bavaria, Germany"
 Walderlebnispfad und Zauberwald bei Schönberg,"Schönberg, Bavaria, Germany"
 Steinmühle über Loibling und Waffenhof,"Roding, Bavaria, Germany"
 Zubringer zum Fernwanderweg Europäischer Wasserscheideweg bei Theuerbronn,Frankenhöhe Nature Park
 Lohhof nach Ottershausen,"Unterschleißheim, Bavaria, Germany"
 Solar Jahrsdorf Eibach,"Hilpoltstein, Bavaria, Germany"
 Kirchröttenbach Epperlesberg Loop,Naturpark Fränkische Schweiz Veldensteiner Forst
 Schwarzer Fuchs Rundwanderung ab Hemsbach,Spessart Nature Park
 Panoramawanderweg Taubertal (Fernwanderweg),"Rothenburg ob der Tauber, Bavaria, Germany"
 Egloffsteiner Kulturweg Nr. ,"Egloffstein, Bavaria, Germany"
 Sebaldweg,"Bad Hindelang, Bavaria, Germany"
 Steinbergrundweg,"Neumarkt in der Oberpfalz, Bavaria, Germany"
 Zeil am Main Hohe Wann Drei-Länder-Stein,"Zeil am Main, Bavaria, Germany"
 Von Regenhütte zum Kleinen und Großen Falkenstein,Bavarian Forest National Park
 Von Pfronten zur Burg Falkenstein und der Schlossangeralm,"Pfronten, Bavaria, Germany"
 Rundwanderweg Heidenheim ,Naturpark Altmühltal
 Kulturweg Aschaffenburg : Schweinheimer Passion,Spessart Nature Park
 Ammerthaler Runde,"Ammerthal, Bavaria, Germany"
 Faulbach nach Breitenbrunn,"Faulbach, Bavaria, Germany"
 Kärlingerhaus zum Carl-von-Stahl-Haus,Berchtesgaden National Park
 Wanderweg Fürth – Roßtal,"Fürth, Bavaria, Germany"
 Böbrach Wanderroute ,"Böbrach, Bavaria, Germany"
 Rund um Kohlau,"Rinchnach, Bavaria, Germany"
 Wanderweg Nr.  Eußenheim Über Schönarts,"Eußenheim, Bavaria, Germany"
 Wanderung über den Hochgrat,Naturpark Nagelfluhkette 
 Roter Schrägstrich Aschaffenburg Hohe Wart,"Aschaffenburg, Bavaria, Germany"
 Wannbach-Hetzelsdorf Loop,Naturpark Fränkische Schweiz Veldensteiner Forst
 Kürn Wolferszwinger Weiher,"Bernhardswald, Bavaria, Germany"
  Rund um den Massenberg,"Spalt, Bavaria, Germany"
 Von Rohrbach nach Wall,"Rohrbach, Bavaria, Germany"
 Stadelmühle nach Hotel Gut Wildbad durch Schwänringholz,"Huisheim, Bavaria, Germany"
 Loop at Wülfersreuth,Naturpark Fichtelgebirge
 Wandern in Postbauer-Heng: Keltenrunde,"Postbauer-Heng, Bavaria, Germany"
 Monheimer Alb ,"Huisheim, Bavaria, Germany"
 Medium Geisberg tour,Naturpark Fränkische Schweiz Veldensteiner Forst
 Auf dem Immenstädter Horn,Naturpark Nagelfluhkette 
 Von Dürnhart nach Mühlhausen,"Biburg, Bavaria, Germany"
 Von Bürgstadt nach Freudenbach und Großheubach,"Bürgstadt, Bavaria, Germany"
 Loop at Rehau,Naturpark Altmühltal
 Mühlbacher Karl-Straub Weg,"Bad Neustadt an der Saale, Bavaria, Germany"
 Von “Hölzernen Männern” zur verschwundenen Burg,Naturpark Haßberge
 Schweinfurter Wanderlust: Verwunschen-Verwunschen,"Grafenrheinfeld, Bavaria, Germany"
 Durch die Seenlandschaft an der Donau,"Elchingen, Bavaria, Germany"
 Neuhaus-Rundwanderweg No.,"Neuhaus an der Pegnitz, Bavaria, Germany"
 Wolfach-Radweg,"Vilshofen an der Donau, Bavaria, Germany"
 Von Scheßlitz über die Giechburg und Würgau,Franconian Switzerland-Franconian Jura Nature Park
 Around the Kösseine,Naturpark Fichtelgebirge
 Heilige Landschaft Pfaffenwinkel: Sprudelnde Quellen,"Peißenberg, Bavaria, Germany"
 Naturraum Hofau-Innleiten,"Stephanskirchen, Bavaria, Germany"
 Wandertrilogie Etappe  Oberstaufen-Oberreute,"Oberstaufen, Bavaria, Germany"
 Village tour Hausen St. Gangolf,Naturpark Bayerische Rhön 
 Zum Waldspielplatz und zum Grünten,"Wertach, Bavaria, Germany"
 Wanderung zur Salmaser Höhe ab Wiedemannsdorf,Naturpark Nagelfluhkette 
 Schlackenmühle nach Schlockenau über Hühnersmühle,"Presseck, Bavaria, Germany"
 Jurasteig: Hirschwald-Schlaufe,"Rieden, Bavaria, Germany"
 Hog hiking trail Reckendorf,Haßberge Nature Park
 Plankenfels nach Neuwelt,"Plankenfels, Bavaria, Germany"
 Hikers Regenstauf: Spechtweg,"Regenstauf, Bavaria, Germany"
 Zubringer Urdonautalsteig: Bahnhof Burgheim,"Rennertshofen, Bavaria, Germany"
 Von Geisenfeld nach Rohrbach der Ilm entlang,"Geisenfeld, Bavaria, Germany"
 Karwendeltour: Krinner-Kofler-Hütter-Karwendelhaus,Karwendel Nature Park
 Vom Braunweiher  zum Seerosenweiher,"Manching, Bavaria, Germany"
 Vom Königssee zum Hintersee,"Schönau am Königsee, Bavaria, Germany"
 Engelbergtrails,Naturpark Bayerischer Odenwald
 Von der Alpe Hohenschwand zum Imberg und zurück,"Oberstaufen, Bavaria, Germany"
 Sindersbachsee and Lower Basin,Spessart Nature Park
 Circular hiking trails Baunach: Deer trail,"Baunach, Bavaria, Germany"
 Spurensuche am Eginger See,"Eging am See, Bavaria, Germany"
 Von Dürnhart nach Abensberg,"Biburg, Bavaria, Germany"
 Kleiner Knetzberg,"Knetzgau, Bavaria, Germany"
 Über den Hündle,Naturpark Nagelfluhkette 
 Von Oberschleißheim zur Birkhahnstraße,"Oberschleißheim, Bavaria, Germany"
 Drahtzieherweg westliche Schleife,"Allersberg, Bavaria, Germany"
 Sagensteig,Naturpark Oberer Bayerischer Wald
 Fränkischer Rotwein Wanderweg (Fernwanderweg),Spessart Nature Park
